Constituency Name,YSRCP Expected,YSRCP Actual,TDP & JNP & BJP Expected,TDP & JNP & BJP Actual,Congress & CPI Expected,Congress & CPI Actual,NOTA Expected,NOTA Actual,Others Expected,Others Actual,Winning Candidate,Expected Winner (SGED),Actual Winner 2024,SGED Winning Margin,Win Margin Â±5000 Votes Party By SGED,Actual Margin 2024,Vote %,Total Votes,Difference After Actullality
Ichchapuram,72191,70829,104974,110612,3058,792,4247,4374,2548,2208,Bendalam Ashok,TDP,TDP,32783,37783,39783,70.00%,188815,-2000
Palasa,68346,61210,90029,101560,2357,1064,3111,2762,1414,1439,Gouthu Sireesha,TDP,TDP,21682,26682,40350,75.00%,168035,-13668
Tekkali,81144,73488,98408,107923,2849,2684,3108,7312,1381,2306,Kinjarapu Atchannaidu,TDP,TDP,17265,22265,34435,79.00%,193713,-12170
Pathapatnam,68066,62925,83192,89452,3025,3565,4387,3604,1437,3789,Mamidi Govinda Rao,TDP,TDP,15126,20126,26527,71.00%,163335,-6401
Srikakulam,80286,64570,99879,117091,2103,4353,3250,3373,1147,2781,Gondu Shankar,TDP,TDP,19593,24593,52521,68.00%,192168,-27928
Amadalavalasa,65742,52971,83028,88003,2178,3481,2722,2300,681,11952,Kuna Ravi Kumar,TDP,TDP,17286,22286,35032,80.00%,158707,-12746
Etcherla,89598,83681,105598,112770,2240,2452,4480,3952,1920,3707,Nadikuditi Eswara Rao,BJP,BJP,16000,21000,29089,83.00%,206562,-8089
Narasannapeta,73879,70580,89710,99951,5277,2225,3694,3300,1266,1320,Baggu Ramana Murthy,TDP,TDP,15831,20831,29371,81.00%,177376,-8540
Rajam (SC),75485,73663,90276,94385,2550,3684,3570,2536,1020,2226,Kondru Murali Mohan,TDP,TDP,14791,19791,20722,76.00%,176494,-931
Palakonda (ST),65503,61917,72165,75208,1110,2041,3664,4260,4330,4949,Nimmaka Jaya Krishna,JNP,JNP,6661,11661,13291,75.00%,148375,-1630
Kurupam,73189,59855,63111,83355,2480,3923,4479,4761,9199,3397,-,YSRCP,TDP,10078,10078,NaN,79.00%,155291,-
Parvathipuram,66495,59491,72540,83905,2418,1640,3485,3465,3556,3132,Bonela Vijay Chandra,TDP,TDP,6045,11045,24414,78.00%,151633,-13369
Salur,65839,66478,81340,80211,2214,2239,4798,5743,2141,3684,Gummidi Sandhya Rani,TDP,TDP,15500,15500,13733,76.00%,158355,1767
Bobbili,81301,67718,98722,112366,2323,4782,3136,2561,290,1597,R. V. S. C. K. Krishna Ranga Rao,TDP,TDP,17422,22422,44648,80.00%,189024,-22226
Cheepurupalli,79132,76254,82961,88225,4893,4087,3361,2855,1191,1634,Kimidi Kala Venkat Rao,TDP,TDP,3828,8829,11971,83.00%,173055,-3142
Gajapathinagaram,71728,72750,97216,98051,2219,1315,4544,3729,1902,2468,Kondapalli Srinivas,TDP,TDP,25487,30487,25301,86.00%,178313,5186
Nellimarla,84003,70086,96786,109915,1826,1667,4748,3305,1095,5341,Lokam Naga Madhavi,JNP,JNP,12783,17783,39829,88.00%,190314,-22046
Vizianagaram,79219,60632,100824,121241,1852,1527,1852,1365,1028,4042,Puspati Aditi Vijayalakshmi Gajapathi Raju,TDP,TDP,21605,26605,60609,72.00%,188807,-34004
Srungavarapukota,78621,72236,103779,111026,1887,1918,3774,1969,2044,3105,Kolla Lalitha Kumari,TDP,TDP,25158,30159,38790,85.00%,190254,-8631
Bhimli,123889,83829,142473,176230,2551,5147,4281,3061,2550,9968,Ganta Srinivasa Rao,TDP,TDP,18583,23583,92401,76.00%,278235,-68818
Visakhapatnam East,72563,61170,121868,132047,2605,3430,1861,1508,1674,5339,Velagapudi Ramakrishna Babu,TDP,TDP,49305,54305,70877,69.00%,203494,-16572
Visakhapatnam South,48674,33274,83815,97868,2256,3940,1543,631,1187,3615,Vamsi Krishna Srinivasa Yadav,JNP,JNP,35140,40141,64594,63.00%,139328,-24453
Visakhapatnam North,98398,61267,80091,108801,3051,4252,1526,1130,1639,12758,-,YSRCP,BJP,18306,18306,NaN,65.00%,188208,-
Visakhapatnam West,46658,55621,91229,90805,2578,999,1473,1002,6998,2581,P. G. V. R. Naidu,TDP,TDP,44570,39571,35184,70.00%,151008,4387
Gajuwaka,91495,62468,135131,157703,2534,3970,1830,1518,1970,8670,Palla Srinivas Rao Yadav,TDP,TDP,43636,48636,95235,70.00%,234329,-46599
Chodavaram,76455,67462,98811,109651,2100,2527,4817,3849,1852,2252,Kalidindi Suryana Naga Sanyasi Raju,TDP,TDP,22355,27356,42189,85.00%,185741,-14833
V.Madugula,90674,63843,62534,91869,2814,1784,4690,4070,1876,3655,-,YSRCP,TDP,28140,28140,NaN,86.00%,165221,-
Araku valley,82209,65658,65116,33781,2849,12503,9767,3593,14651,63317,Regam Mathsyalingam,YSRCP,YSRCP,17092,22093,31877,71.00%,178852,-9784
Paderu,77734,68170,56772,48832,4585,13566,7424,1420,12227,29172,-,YSRCP,YSRCP,20962,20962,19338,64.00%,161160,NaN
Anakapalli,70463,49362,92585,115126,2458,1895,2786,1853,2294,4542,Konathala Ramakrishna,JNP,JNP,22122,27122,65764,80.00%,172778,-38642
Pendurthi,98881,67741,121953,149611,2197,4224,3845,2834,2060,5734,Panchakarla Ramesh Babu,JNP,JNP,23072,28072,81870,74.00%,230144,-53798
ELAMANCHILI,73761,60487,95077,109443,3527,1822,2863,2409,2146,5266,Sundarapu Vijay Kumar,JNP,JNP,21315,26316,48956,86.00%,179427,-22640
PAYAKARAOPETA,86934,76315,109820,120042,2196,2087,5491,4107,2196,4935,Vangalapudi Anitha,TDP,TDP,22886,27887,43727,82.00%,207486,-15840
Narsipatnam,75359,75173,94576,99849,2010,1088,5778,3824,2135,2932,Chintakayala Ayyanna Patrudu,TDP,TDP,19216,24217,24676,85.00%,182866,-459
Tuni,84974,82029,95134,97206,2309,1923,2679,3434,2124,4853,Yanamala Divya,TDP,TDP,10159,15160,15177,83.00%,189445,-17
Prathipadu,74733,64234,92986,103002,3632,1354,2007,2582,1433,5313,Varupula Satyaprabha,TDP,TDP,18253,23253,38768,80.00%,176485,-15515
Pithapuram,72972,64115,125460,134394,2144,1231,2560,2027,1664,5402,Pawan Kalyan,JNP,JNP,52488,57488,70279,87.00%,207169,-12791
Kakinada Rural,79214,62374,116021,134414,2800,2205,1700,1783,2100,5663,Pantham Venkateswara Rao,JNP,JNP,36806,41807,72040,75.00%,206439,-30233
Peddapuram,70473,65234,99973,105685,2622,2168,2294,2020,1638,3742,Nimmakayala Chinarajappa,TDP,TDP,29500,34500,40451,82.00%,178849,-5951
Anaparthy,101369,84870,87419,105720,1488,1300,2232,3105,2417,1759,Sathi Suryanarayana Reddy,YSRCP,BJP,13949,13949,NaN,86.00%,196754,-
Kakinada City,62911,56442,104851,113014,3595,2138,1797,1446,1198,4144,Vanamadi Venkateswara Rao,TDP,TDP,41940,46941,56572,72.00%,177184,-9631
Ramachandrapuram,76756,71361,91862,97652,2246,1173,1429,1608,1633,3594,-,TDP,TDP,15106,20106,26291,86.00%,175388,-6185
Mummidivaram,82407,79951,116507,118687,1989,1312,2273,1865,1989,5506,Datla Subba Raju,TDP,TDP,34099,39100,38736,84.00%,207321,364
Amalapuram,69984,65394,100552,104022,1448,1357,2252,2133,1608,4730,Aithabathula Anandarao,TDP,TDP,30567,35568,38628,82.00%,177636,-3060
Razole,55659,56503,95448,95514,2300,1435,1495,1628,1494,3760,Deva Vara Prasad,JNP,JNP,39789,39789,39011,79.00%,158840,NaN
Gannavaram,64298,62741,93701,96108,2262,1583,2585,1751,2907,6019,Giddi Satyanarayana,JNP,JNP,29403,29403,33367,83.00%,168202,NaN
Kothapeta,86409,77807,121420,134286,2086,1169,2086,1575,2979,2792,Bandaru Satyananda Rao,TDP,TDP,35010,40011,56479,85.00%,217629,-16468
Mandapeta,76843,71874,110190,116309,1160,1484,1740,1568,2029,2811,V. Jogeswara Rao,TDP,TDP,33346,38347,44435,87.00%,194046,-6088
Rajanagaram,94881,71946,89402,105995,1470,1901,2539,2975,1202,8121,Jakkampudi Raja,YSRCP,JNP,5479,5479,NaN,88.00%,190938,-
Rajahmundry City,64769,51887,110594,123291,2560,1918,1536,1569,1280,3486,Adireddy Vasu,TDP,TDP,45824,50825,71404,68.00%,182151,-20579
Rajamundry Rural,75372,64970,117401,129060,2802,2728,1681,2699,1961,2601,Gorantla Butchaiah Chowdary,TDP,TDP,42029,47029,64090,73.00%,202058,-17061
Jaggampeta,84182,60917,102018,113593,946,1457,2973,1928,2161,16084,Jyothula Nehru,TDP,TDP,17836,22836,56676,84.00%,193979,-33840
Rampachodavaram,98139,80948,90057,90087,4811,21265,4426,7269,10583,10939,-,YSRCP,TDP,8082,8082,NaN,75.00%,210508,-
Kovvur,66381,58797,86288,92743,1699,1897,2106,2465,1698,3209,Muppidi Venkateswara Rao,TDP,TDP,19907,24907,33946,86.00%,159111,-9039
Nidadavole,77695,69395,98359,102699,1984,1495,1653,2144,991,6770,Kandula Durgesh,JNP,JNP,20663,25664,33304,85.00%,182503,-7640
Achanta,64382,58848,80478,85402,1700,1872,1474,1673,1020,2746,Pithani Satyanarayana,TDP,TDP,16095,21096,26544,83.00%,150541,-5448
Palakollu,51646,45169,103086,113114,2058,1945,1235,919,2469,2066,Nimmala Rama Naidu,TDP,TDP,51440,56440,67945,82.00%,163213,-11505
Narasapuram,52360,44378,86493,94116,1988,1915,1326,1216,1656,3793,Bommidi Nayakar,JNP,JNP,34133,39133,49738,84.00%,145418,-10605
Bhimavaram,72231,63450,122907,130424,1856,3252,1570,1210,2283,5647,Pulaparthi Ramanjaneyulu,JNP,JNP,50675,55676,66974,79.00%,203983,-11298
Undi,61692,60125,99589,116902,1939,1157,1851,1607,28642,15681,Raghu Rama Krishna Raju,TDP,TDP,37896,42897,56777,86.00%,195472,-13880
TANUKU,75529,57426,111214,129547,1732,2422,1940,1722,2217,3651,Arimilli Radha Krishna,TDP,TDP,35685,40686,72121,82.00%,194768,-31435
Tadepalligudem,71574,53951,99361,116443,1684,1901,1852,1534,1515,4220,Bolisetti Srinivas,JNP,JNP,27787,32787,62492,82.00%,178049,-29705
Unguturu,74002,63949,100756,108894,2592,3130,2476,2105,1322,4545,Patsmatla Dharmaraju,JNP,JNP,26754,26754,44945,88.00%,182623,NaN
Denduluru,98251,81021,88949,107287,1395,1607,2674,1920,1627,2831,Kotaru Abbaya Chowdary,YSRCP,TDP,9302,9302,NaN,86.00%,194666,-
Eluru,66596,49174,94600,111562,1444,604,1732,1256,769,3679,Badeti Radha Krishna,TDP,TDP,28004,33005,62388,70.00%,166275,-29383
Gopalapuram,89952,87636,108371,114420,2227,2387,3855,4500,5996,2716,Maddipati Venkata Raju,TDP,TDP,18418,23419,26784,87.00%,211659,-3365
Polavaram,102895,93518,95772,101453,6649,3568,6015,5611,6965,14849,Tellam Rajyalakshmi,YSRCP,JNP,7124,7124,NaN,86.00%,218999,-
Chintalapudi,104053,92360,109776,120126,3902,4958,3642,4121,1560,3826,Songa Roshan,TDP,TDP,5722,10723,27766,82.00%,225391,-17043
Tiruvuru,94128,78845,79490,100719,2133,1329,1745,1184,4168,1343,Nallagatla Swamy Das,YSRCP,TDP,14638,14638,NaN,88.00%,183420,-
Nuzvid,106233,95851,97998,108229,2141,2405,2306,2771,1482,2461,Kolusu Parthasarathy,YSRCP,TDP,8235,8235,NaN,88.00%,211717,-
Gannavaram,104498,97924,120670,135552,2986,1219,1742,1731,6966,3099,Yarlagadda Venkata Rao,TDP,TDP,16172,21172,37628,85.00%,239525,-16456
Gudivada,76711,56940,84930,109980,1973,1333,3288,999,1643,2352,Venigandla Ramu,TDP,TDP,8218,13219,53040,83.00%,171604,-39821
Kaikalur,72137,64007,102475,109280,1807,2480,1620,1598,1495,3626,Kamineni Srinivas,BJP,BJP,30337,35338,45273,87.00%,180991,-9935
Pedana,59866,53271,83534,91394,1949,1354,1392,1349,1670,2593,Kagitha Krishna Prasad,TDP,TDP,23667,28668,38123,89.00%,149961,-9455
Machilipatnam,66266,54802,89828,105044,1767,1443,1473,1027,1767,2523,Kollu Ravindra,TDP,TDP,23561,28561,50242,82.00%,164839,-21681
Avanigadda,75388,67026,94235,113460,2399,1068,1713,1952,9252,2936,Mandali Buddha Prasad,JNP,JNP,18846,23847,46434,86.00%,186442,-22587
Pamarru,72063,64499,79365,94189,2381,2233,1905,1733,6984,2215,Varla Kumar Raja,TDP,TDP,7301,12302,29690,88.00%,164869,-17388
Penamaluru,107699,84997,119665,144912,2393,2596,1596,1510,1994,2524,Bode Prasad,TDP,TDP,11966,16967,59915,79.00%,236539,-42948
Vijaywada West,69192,58637,86786,105669,2372,3723,890,1236,10872,2578,Y. S. Chowdary,BJP,BJP,17594,22594,47032,66.00%,171843,-24438
Vijayawada central,89689,69201,101417,118841,2070,2244,1173,1049,8278,4571,Bonda Umamaheswara Rao,TDP,TDP,11728,1672,68886,73.00%,195906,-67214
Vijayawada East,81481,61148,107407,130034,2222,4887,1037,951,888,7697,Gadde Ramamohan,TDP,TDP,25925,30926,49640,71.00%,204717,-18714
Mylavaram,112638,94509,123653,137338,2360,4652,918,1598,917,4500,Vasantha Venkata Krishna Prasad,TDP,TDP,11014,16015,42829,85.00%,242597,-26814
Nandigama,80575,74806,93467,102201,1896,1486,948,928,3033,2570,Tangirala Sowmya,TDP,TDP,12891,17892,27395,88.00%,181991,-9503
Jaggayyapeta,85338,82502,95243,98479,1524,2527,952,773,1523,1606,Sreeram Rajagopal Tataiah,TDP,TDP,9905,14905,15977,90.00%,185887,-1072
Pedakurapadu,106242,91868,95641,112957,2591,1290,1413,1184,1413,1999,Namburu Sankar Rao,YSRCP,TDP,10601,10601,NaN,89.00%,209298,-
Tadikonda (SC),81994,69979,92623,109585,1518,2514,911,995,4555,1027,Tenali Sravan Kumar,TDP,TDP,10628,15629,39606,87.00%,184100,-23977
Mangalagiri,99464,76297,138144,167710,2072,2629,691,890,10360,6304,Nara Lokesh,TDP,TDP,38680,43680,91413,86.00%,253830,-47733
Ponnuru,82529,77495,105933,110410,2464,2400,1109,1248,985,2322,Dhulipalla Narendra Kumar,TDP,TDP,23403,28404,32915,85.00%,193875,-4511
Vemuru (SC),75850,72901,90351,94922,1785,1664,1785,1763,892,1601,Nakka Ananda Babu,TDP,TDP,14500,19501,22021,86.00%,172851,-2520
Repalle,82312,71182,100711,111129,2324,2841,1356,1891,968,1789,Anagani Satya Prasad,TDP,TDP,18399,23399,39947,83.00%,188832,-16548
Tenali,90330,75849,108860,123961,2316,307,1235,1412,1080,4467,Nadendla Manohar,JNP,JNP,18529,23529,48112,76.00%,205996,-24583
Bapatla,79791,62858,72644,90626,2350,4193,783,1128,2937,2421,Kona Raghupathi,YSRCP,TDP,7147,7147,NaN,83.00%,161226,-
Prathipadu (SC),97636,86650,119149,128665,1986,3491,993,1389,1323,1284,Burla Ramanjaneyulu,TDP,TDP,21513,26513,42015,83.00%,221479,-15502
Guntur West,77261,64917,103934,116067,2207,3719,736,1055,919,2717,Piduguralla Madhavi,TDP,TDP,26673,31673,51150,67.00%,188475,-19477
Guntur East,75330,68853,97201,100815,2430,5239,729,1215,972,3369,Mohammad Nazeer,TDP,TDP,21870,26870,31962,70.00%,179491,-5092
Chilakaluripet,87827,77800,101260,111062,1628,2270,916,788,1017,3480,Prathipati Pulla Rao,TDP,TDP,13433,18434,33262,85.00%,195400,-14828
Narasaraopet,95956,83462,87005,103167,2148,1820,1253,1052,2327,1616,Chadalavada Aravind Babu,YSRCP,TDP,8951,8951,NaN,81.00%,191117,-
Sattenapalli,97319,90129,108468,117965,2492,1580,1180,1140,1049,1754,Kanna Lakshminarayana,TDP,TDP,11148,16148,27836,87.00%,212568,-11688
Vinukonda,109482,101171,121535,131438,3013,1902,1205,1694,803,2492,G. V. Anjaneyulu,TDP,TDP,12053,17053,30267,89.00%,238697,-13214
Gurazala,109011,98715,115551,128201,2180,2156,2071,1888,2143,2086,Yarapathineni Srinivasa Rao,TDP,TDP,6540,11541,29486,84.00%,233046,-17945
Macherla,100838,89095,112812,122413,2521,2237,2017,1746,1575,4608,Julakanti Brahmananda Reddy,TDP,TDP,11974,16974,33318,84.00%,220099,-16344
Yerragondapalem,97419,91741,80928,86541,1405,2192,3359,2231,2137,3020,Guduri Erixion Babu,YSRCP,YSRCP,16491,11491,5200,89.00%,185725,6291
Darsi,95409,101889,103863,99433,2657,1985,2415,2107,1449,1692,Gottipati Lakshmi,TDP,YSRCP,8454,8454,NaN,91.00%,207106,-
Parchur,89940,86562,105358,110575,2570,2293,1285,1289,1101,1555,Yeluri Sambasiva Rao,TDP,TDP,15418,21418,24013,87.00%,202274,-2595
Addanki,100960,91528,108868,116418,2356,4072,1683,1600,1514,1900,Gottipati Ravikumar,TDP,TDP,7908,12908,24890,88.00%,215518,-11982
Chirala,69775,51716,90919,72700,1692,41859,1480,1255,3594,2798,Karanam Venkatesh,TDP,TDP,21144,21144,20984,83.00%,170328,160
Santhanuthalapadu,86288,75372,95192,105757,1836,2715,1469,1725,2937,4347,Merugu Nagarjuna,TDP,TDP,8904,13904,30385,87.00%,189916,-16481
Ongole,92476,84774,105884,118800,2063,2067,1375,1310,1375,2352,Damacharla Janardhana Rao,TDP,TDP,13407,18407,34026,85.00%,209303,-15619
Kandukur,94146,90615,105402,109173,1228,2300,819,1025,2046,3660,Inturi Nageswara Rao,TDP,TDP,11256,16257,18555,89.00%,206773,-2298
Kondapi,96231,91918,107721,116674,919,1666,2011,1612,4021,2074,Dola Sree Bala Veeranjaneya Swamy,TDP,TDP,11490,16490,24756,88.00%,213944,-8266
Markapuram,85105,85026,97409,99005,1641,2088,1846,1327,1845,3484,Kandula Narayana Reddy,TDP,TDP,12304,12304,13979,88.00%,190930,-1675
Giddalur,99139,97490,95598,98463,1700,2879,2266,2251,3540,5786,Muthumula Ashok Reddy,YSRCP,TDP,3540,3540.674492,NaN,84.00%,206869,-
Kanigiri,96775,92441,99414,107045,1760,1838,2287,2217,4046,2606,Daddala Narayana Yadav,TDP,TDP,2639,7639,14604,85.00%,206147,-6965
Kavali,88001,75588,104925,106536,2031,2340,2166,2030,947,13488,Kavya Krishna Reddy,TDP,TDP,16923,21923,30948,83.00%,199982,-9025
Atmakur,88490,83589,85742,91165,1539,2915,2308,2347,1758,2877,Anam Ramanarayana Reddy,YSRCP,TDP,2748,2748.140203,NaN,83.00%,182893,-
Kovur,99676,76040,104423,130623,3797,3203,2816,2377,1265,3011,Vemireddy Prashanti Reddy,TDP,TDP,4746,9746,54583,79.00%,215254,-44837
Nellore City,73853,48062,94103,120551,1668,2038,1191,967,952,3120,Ponguru Narayana,TDP,TDP,20249,25250,72489,72.00%,174738,-47239
Nellore Rural,88882,75495,95012,109975,1839,4280,2145,2016,2451,2776,Kotamreddy Sridhar Reddy,TDP,TDP,6129,11130,34480,68.00%,194542,-23350
Sarvepalli,90020,86990,98802,103278,1996,1577,2794,2057,998,1814,Somireddy Chandra Mohan Reddy,TDP,TDP,8782,13782,16288,84.00%,195716,-2506
Gudur,91199,81483,96265,102675,1520,3308,2635,3129,1823,3970,Pasam Sunil Kumar,TDP,TDP,5066,10067,21192,79.00%,194565,-11125
Sullurpeta,93160,81933,99720,111048,2782,4124,3936,3423,1574,2610,Nelavela Vijayashree,TDP,TDP,6560,11561,29115,83.00%,203138,-17554
Venkatagiri,92190,88104,96893,104398,1035,1935,4233,3037,2633,2091,Korugondla Ramakrishna,TDP,TDP,4703,9704,16294,81.00%,199565,-6590
Udayagiri,103145,91916,87700,101537,2130,2512,3054,2072,1952,2855,Mekapati Rajagopal Reddy,YSRCP,TDP,15445,15445,NaN,82.00%,200892,-
Badvel,91325,90410,73552,71843,2598,7366,1914,3076,3281,2185,Dasari Sudha,YSRCP,YSRCP,17773,17773,18567,79.00%,174880,-794
Rajampet,83132,92609,93975,85593,3253,1009,1626,1617,1445,3729,Sugavasi Subramanyam,TDP,YSRCP,10843,10843,NaN,76.00%,184557,-
Kadapa,85610,72128,93164,90988,3022,24500,1511,1444,1762,1467,Reddeppagari Madhavi Reddy,TDP,TDP,7553,12554,18860,65.00%,190527,-6306
Kodur,70209,67493,76422,78594,2112,2132,1740,1112,1863,4474,Arava Sreedhar,JNP,JNP,6213,11213,11101,75.00%,153805,112
Rayachoti,99750,93430,90866,95925,2805,5571,2338,1592,1714,3383,Gadikota Srikanth Reddy,YSRCP,TDP,8884,8884,NaN,77.00%,199901,-
Pulivendla,119684,116315,59842,54628,3192,10083,1995,1764,2114,6702,Y. S. Jagan Mohan Reddy,YSRCP,YSRCP,59842,59842,61687,81.00%,189492,-1845
Kamalapuram,98173,69850,68459,95207,2622,1092,1690,2128,1456,3919,Pochimareddy Ravindranath Reddy,YSRCP,TDP,29714,29714,NaN,84.00%,172196,-
Jammalamadugu,113133,92449,91536,109640,1573,4222,2288,2392,1716,4467,Mule Sudheer Reddy,YSRCP,BJP,21597,21597,NaN,87.00%,213170,-
Proddatur,93691,83968,98628,106712,2216,6016,1511,1740,1309,2848,Nandyala Varada Rajulu Reddy,TDP,TDP,4936,9936,22744,80.00%,201284,-12808
Mydukur,83714,75231,88818,96181,3675,4579,1633,1564,1939,-159515,Putta Sudhakar Yadav,TDP,TDP,5104,10104,20950,85.00%,18040,-10846
Allagadda,90145,86844,99521,98881,2632,6100,1809,1592,1480,4635,Bhuma Akhila Priya,TDP,TDP,9376,9376,12037,84.00%,198052,-2661
Srisailam,76197,75314,80261,81699,2235,3429,1626,1077,2438,3061,Budda Raja Sekhara Reddy,TDP,TDP,4064,4064,6385,83.00%,164580,-2321
Nandikotkur,87910,82212,91968,92004,1893,7949,2029,1274,1081,3414,Githa Jayasurya,TDP,TDP,4057,9057,9792,85.00%,186853,-735
Kurnool,74330,72814,88882,91690,4326,9022,747,718,6685,4350,T. G. Bharath,TDP,TDP,14551,19551,18876,64.00%,178594,675
Panyam,115946,100681,123676,141272,2147,3081,2577,2663,2576,2579,Gowru Charitha Reddy,TDP,TDP,7729,12730,40591,74.00%,250276,-27861
Nandyal,93557,90742,104848,103075,1936,6418,1290,1518,3548,6825,N. M. D. Farooq,TDP,TDP,11291,11291,12333,75.00%,208578,-1042
Banaganapalle,91046,85037,106583,110603,2486,3344,1554,1528,2175,5228,B. C. Janardhan Reddy,TDP,TDP,15536,20537,25556,85.00%,205740,-5019
Dhone,86547,87474,93224,93523,2967,3988,1855,1362,3585,3773,Kotla Jayasurya Prakasha Reddy,TDP,TDP,6677,6677,6048,83.00%,190120,629
Pattikonda,90041,84638,93146,98849,2794,1956,1863,2070,2173,4118,K. E. Shyam Babu,TDP,TDP,3104,8105,14211,85.00%,191631,-6106
Kodumur,89353,80120,97409,101703,4028,9835,2563,2169,1830,3706,Boggula Dastagiri,TDP,TDP,8056,13056,21553,79.00%,197533,-8497
Yemmiganur,100094,87252,95270,103089,2713,7831,2593,2380,2411,2537,Butta Renuka,YSRCP,TDP,4824,4824,NaN,82.00%,203089,-
Mantralayam,92947,87662,75557,74857,2399,4660,2998,3674,1758,5471,Y. Balanagi Reddy,YSRCP,YSRCP,17390,12390,12805,84.00%,176324,-415
Adoni,82862,71765,85875,89929,2411,7622,1657,1615,2259,5202,P. V. Parthasarathi,BJP,BJP,3013,8013,18164,67.00%,176133,-10151
Alur,101327,100264,99183,97433,3217,5772,3217,2634,2144,4326,B. Veerabhadra Gowd,YSRCP,YSRCP,2144,2144,2831,81.00%,210429,-687
Rayadurg,111476,88650,106515,130309,2918,3388,3940,2370,2334,3550,Mettu Govinda Reddy,YSRCP,TDP,4961,4961,NaN,86.00%,228267,-
Uravakonda,85170,80342,98981,102046,2762,4529,1611,1915,3913,5690,Payyavula Keshav,TDP,TDP,13811,18811,21704,86.00%,194522,-2893
Guntakal,93044,98874,106129,101700,1745,5146,1599,1743,1308,-732,Y. Venkatrami Reddy,TDP,TDP,13084,8084,6826,75.00%,206731,1258
Tadipatri,94200,86024,106099,113755,2479,2628,1983,1000,1933,4272,J. C. Ashmit Reddy,TDP,TDP,11898,16899,27731,83.00%,207679,-10832
Singanamala,90020,94169,108189,102957,1817,3469,2478,1906,3138,5732,Bandaru Sravani Sree,TDP,TDP,18169,13169,8788,83.00%,208233,4381
Anantapur urban,80312,80311,98200,103334,2312,2838,1460,1379,730,1713,D. Venkateswara Prasad,TDP,TDP,17887,22888,23023,65.00%,189575,-135
kalyandurg,86001,81144,95557,118878,20117,2585,1509,1450,1106,1784,Amilineni Surendra Babu,TDP,TDP,9555,14556,37734,89.00%,205841,-23178
Raptadu,95990,92811,111800,116140,2500,3456,1807,1706,1355,3044,Paritala Sunitha,TDP,TDP,15810,20810,23329,85.00%,217157,-2519
Madakasira,85166,79632,87599,79983,7300,17380,2660,2728,1622,6415,MS Raju,TDP,TDP,2433,2433,351,525.00%,186138,2082
Hindupur,83501,74653,103603,107250,3093,8958,1546,1686,2164,3414,Nandamuri Balakrishna,TDP,TDP,20102,25102,32597,78.00%,195961,-7495
Penukonda,93202,80444,105440,113832,3766,4007,1676,1972,1129,7360,K. Savitha,TDP,TDP,12238,17239,33388,87.00%,207615,-16149
Puttaparthi,85971,82981,91242,91741,1999,1997,1418,1382,1454,5874,Palle Sindhura Reddy,TDP,TDP,5270,10271,8760,86.00%,183975,1511
Dharmavaram,109998,102810,102141,106544,1964,3758,1964,1787,2239,4949,Kethireddy Venkatarami Reddy,YSRCP,BJP,7857,7857,NaN,89.00%,219848,-
Kadiri,103651,97345,94352,103610,2735,3314,1641,2519,3828,2364,B. S. Maqbool Ahmed,YSRCP,TDP,9298,9298,NaN,81.00%,209152,-
Thamballapalle,105809,94136,71950,84033,3950,3444,2822,2384,2257,3869,Peddireddy Dwarkanath Reddy,YSRCP,YSRCP,33858,28589,10103,83.00%,187866,18486
Pileru,94888,80501,85413,105582,4404,3403,2202,1869,3336,2386,Chintala Ramachandra Reddy,YSRCP,TDP,9475,9475,NaN,81.00%,193741,-
Madanapalle,87603,92471,106375,97980,3129,6051,1502,1759,1626,4610,Shahjahan Basha,TDP,TDP,18772,13772,5509,75.00%,202871,8263
Punganur,108620,100793,90727,94698,2520,3571,3024,2904,2016,7708,Peddireddy Ramachandra Reddy,YSRCP,YSRCP,17893,12893,6095,87.00%,209674,6798
Chandragiri,118503,99815,127737,143667,1539,2971,1847,1700,2154,7096,Pullivarthi Venkata Mani Prasad,TDP,TDP,9234,14234,43852,80.00%,255249,-29618
Tirupati,81121,62151,103471,124107,3311,608,1490,1281,2152,5595,Arani Srinivasulu,JNP,JNP,22349,27350,61956,63.00%,193742,-34606
Srikalahasti,95540,78261,105190,121565,2316,3002,1737,1975,2123,4513,Bojjala Venkata Sudhir Reddy,TDP,TDP,9650,14650,43304,83.00%,209316,-28654
Satyavedu,92631,81732,79273,85471,4394,5444,3164,2764,4218,9111,-,YSRCP,TDP,13359,13359,NaN,85.00%,184522,-
Nagari,76447,62793,90781,107797,3822,4551,1720,1744,3631,1645,Gali Bhanu Prakash,TDP,TDP,14333,19334,45004,87.00%,178530,-25670
Gangadhara Nellore,83626,75165,91042,101176,2525,2682,2840,2125,1735,2073,V. M. Thomas,TDP,TDP,7415,12416,26011,89.00%,183221,-13595
Chittoor,78179,73462,80429,88066,2531,3264,1406,1096,2249,1901,M. Vijayananda Reddy,TDP,TDP,2249,7250,14604,81.00%,167789,-7354
Puthalapattu,107498,86503,81021,102137,2170,2820,2026,1420,1012,2138,M. Sunil Kumar,YSRCP,TDP,26477,26477,NaN,88.00%,195018,-
Palamaner,119732,103110,107782,123232,2343,4015,2577,2344,3046,3855,N. Amarnatha Reddy,YSRCP,TDP,11950,11950,NaN,88.00%,236556,-
Kuppam,89210,73923,104020,121929,4408,2574,2997,2115,2291,2826,N. Chandrababu Naidu,TDP,TDP,14809,19810,48006,90.00%,203367,-28196